donor_id,AT2 proliferating,Adventitial fibroblasts,Alveolar fibroblasts,Alveolar macrophages,B cells,Basal resting,CD4 T cells,CD8 T cells,Classical monocytes,Club,DC2,Deuterosomal,EC aerocyte capillary,EC general capillary,EC venous pulmonary,EC venous systemic,Goblet,Hillock-like,Interstitial macrophages,Ionocyte,Multiciliated,NK cells,Non-classical monocytes,Peribronchial fibroblasts,Pericytes,Plasma cells,SMG duct,SMG mucous,SMG serous,Suprabasal,Transitional Club-AT2
homosapiens_None_2023_None_sikkemalisa_001_d10_1101_2022_03_10_4837472020-3173-NC002,0,0,0,2,46,3,38,100,4,100,79,5,0,0,0,0,100,51,9,3,100,6,1,4,0,0,3,0,0,15,0
homosapiens_None_2023_None_sikkemalisa_001_d10_1101_2022_03_10_4837472020-3173-NC003,0,0,0,2,61,0,86,100,100,100,100,4,0,0,0,6,100,100,10,0,90,26,4,0,0,1,2,0,0,62,0
homosapiens_None_2023_None_sikkemalisa_001_d10_1101_2022_03_10_4837472020-3173-NC004,0,2,0,2,15,63,49,100,6,100,53,12,0,0,0,1,100,99,2,12,100,5,2,4,0,0,7,1,0,43,1
homosapiens_None_2023_None_sikkemalisa_001_d10_1101_2022_03_10_4837472020-3173-NC005,0,0,0,2,9,65,30,89,7,100,60,35,0,0,0,0,100,100,17,0,100,8,0,0,0,0,2,0,0,100,0
homosapiens_None_2023_None_sikkemalisa_001_d10_1101_2022_03_10_4837472020-3173-NC006,0,1,0,0,4,12,3,18,0,100,17,26,0,0,0,2,100,38,8,52,100,2,0,3,0,0,1,0,0,35,0
homosapiens_None_2023_None_sikkemalisa_001_d10_1101_2022_03_10_4837472020-3173-NC007,0,9,0,3,1,26,0,2,1,100,11,6,0,0,0,0,100,100,6,9,100,0,1,15,0,0,1,0,0,12,0
homosapiens_None_2023_None_sikkemalisa_001_d10_1101_2022_03_10_4837472020-3173-NC008,0,2,0,2,10,13,21,100,3,100,8,18,0,0,0,0,100,53,4,6,100,4,0,13,0,0,1,0,0,25,0
homosapiens_None_2023_None_sikkemalisa_001_d10_1101_2022_03_10_483747284C,0,2,3,94,2,0,10,58,2,0,11,0,8,32,24,5,2,0,17,0,0,13,6,0,1,4,0,0,0,0,0
homosapiens_None_2023_None_sikkemalisa_001_d10_1101_2022_03_10_483747290B,0,47,1,10,10,1,100,61,100,2,100,0,0,0,0,0,2,0,34,0,46,30,100,0,0,0,0,0,0,1,35
homosapiens_None_2023_None_sikkemalisa_001_d10_1101_2022_03_10_483747292B,3,22,3,9,3,0,38,13,9,0,79,0,0,0,0,0,1,0,27,0,9,6,8,0,0,0,0,0,0,0,2
homosapiens_None_2023_None_sikkemalisa_001_d10_1101_2022_03_10_483747296C,97,100,4,100,1,0,2,0,15,1,100,1,0,1,17,19,1,0,100,0,6,1,29,7,0,2,0,0,0,3,11
homosapiens_None_2023_None_sikkemalisa_001_d10_1101_2022_03_10_483747298C,0,100,26,100,16,1,100,31,100,1,100,0,0,8,55,9,5,0,100,0,55,4,100,1,1,8,0,0,0,0,4
homosapiens_None_2023_None_sikkemalisa_001_d10_1101_2022_03_10_483747302C,3,48,1,100,2,0,7,1,100,0,66,0,1,3,0,6,0,0,100,0,0,0,100,2,0,0,0,0,0,0,6
homosapiens_None_2023_None_sikkemalisa_001_d10_1101_2022_03_10_483747356C,34,100,16,100,100,1,100,100,100,2,100,0,32,41,6,68,0,0,100,0,67,100,100,15,0,72,0,0,0,1,15
homosapiens_None_2023_None_sikkemalisa_001_d10_1101_2022_03_10_483747368C,7,100,100,100,100,3,100,100,65,1,100,0,34,67,39,100,0,0,100,0,19,12,13,6,16,78,0,0,0,0,2
homosapiens_None_2023_None_sikkemalisa_001_d10_1101_2022_03_10_483747390C,21,100,100,95,100,6,100,100,100,2,100,0,8,30,94,100,0,0,100,0,25,100,59,10,2,31,0,0,0,2,42
homosapiens_None_2023_None_sikkemalisa_001_d10_1101_2022_03_10_483747D322,0,2,0,0,0,100,7,4,0,100,21,2,0,0,5,100,28,100,0,0,7,0,1,20,0,9,14,31,100,100,0
homosapiens_None_2023_None_sikkemalisa_001_d10_1101_2022_03_10_483747D326,0,1,0,45,4,100,31,67,5,100,100,5,0,1,0,100,53,0,58,23,100,6,0,17,0,13,21,5,15,100,1
homosapiens_None_2023_None_sikkemalisa_001_d10_1101_2022_03_10_483747D337,0,0,0,100,5,7,19,15,6,100,8,9,0,0,0,0,27,0,7,2,100,7,1,0,0,0,0,0,0,10,24
homosapiens_None_2023_None_sikkemalisa_001_d10_1101_2022_03_10_483747D339,0,1,0,0,0,100,3,2,2,100,27,5,0,0,0,100,100,12,1,3,100,0,4,14,0,10,100,100,100,100,1
homosapiens_None_2023_None_sikkemalisa_001_d10_1101_2022_03_10_483747D344,0,0,0,100,21,100,47,18,34,100,61,22,0,2,3,100,100,0,38,2,100,3,9,32,0,6,56,95,100,100,52
homosapiens_None_2023_None_sikkemalisa_001_d10_1101_2022_03_10_483747D353,0,0,0,100,14,100,25,36,9,100,100,97,0,0,0,100,100,50,31,28,100,3,1,26,0,6,8,4,16,100,11
homosapiens_None_2023_None_sikkemalisa_001_d10_1101_2022_03_10_483747D354,0,0,0,7,6,100,12,37,2,100,41,37,0,0,0,100,100,1,0,11,100,6,3,5,0,0,40,100,100,100,6
homosapiens_None_2023_None_sikkemalisa_001_d10_1101_2022_03_10_483747D363,0,0,0,100,4,100,27,51,10,100,52,16,0,0,0,100,100,0,69,10,100,1,2,22,0,5,3,0,0,100,0
homosapiens_None_2023_None_sikkemalisa_001_d10_1101_2022_03_10_483747D367,0,0,0,100,3,100,10,100,2,100,51,43,0,0,0,100,100,1,2,8,100,0,0,15,0,2,43,6,24,100,4
homosapiens_None_2023_None_sikkemalisa_001_d10_1101_2022_03_10_483747D372,0,1,0,92,6,100,42,64,5,100,94,38,0,0,0,100,100,2,9,35,100,4,1,100,0,20,39,64,27,100,2
homosapiens_None_2023_None_sikkemalisa_001_d10_1101_2022_03_10_483747Donor_01,2,0,2,100,5,0,10,7,44,0,42,2,2,6,15,27,0,0,100,0,22,2,18,0,0,16,0,0,0,0,14
homosapiens_None_2023_None_sikkemalisa_001_d10_1101_2022_03_10_483747Donor_02,0,2,25,100,0,11,9,4,89,0,49,1,1,8,21,20,0,0,80,0,81,6,12,3,1,8,0,0,0,1,31
homosapiens_None_2023_None_sikkemalisa_001_d10_1101_2022_03_10_483747Donor_03,9,6,9,100,0,4,5,2,67,3,21,0,0,6,17,9,4,0,52,0,67,1,17,0,0,100,0,0,0,0,100
homosapiens_None_2023_None_sikkemalisa_001_d10_1101_2022_03_10_483747Donor_04,11,8,2,100,0,7,0,0,9,0,6,3,0,0,23,11,3,0,31,0,100,0,0,0,0,80,0,0,0,2,96
homosapiens_None_2023_None_sikkemalisa_001_d10_1101_2022_03_10_483747Donor_05,55,0,10,100,2,7,1,0,51,0,100,1,0,0,10,5,0,0,100,0,27,0,19,0,0,38,0,0,0,0,70
homosapiens_None_2023_None_sikkemalisa_001_d10_1101_2022_03_10_483747Donor_06,84,0,28,100,17,6,84,15,100,0,83,0,3,4,25,14,0,0,100,0,29,10,93,0,0,29,0,0,0,2,15
homosapiens_None_2023_None_sikkemalisa_001_d10_1101_2022_03_10_483747Donor_07,82,7,35,100,4,0,8,9,100,1,56,4,2,47,35,6,2,0,100,0,100,8,41,0,0,20,0,0,0,10,30
homosapiens_None_2023_None_sikkemalisa_001_d10_1101_2022_03_10_483747Donor_08,5,0,10,100,1,0,3,0,82,0,46,0,0,4,17,5,0,0,97,0,0,0,32,0,0,6,0,0,0,0,6
homosapiens_None_2023_None_sikkemalisa_001_d10_1101_2022_03_10_483747GRO-01,0,0,0,2,0,100,1,1,0,74,8,4,0,0,0,17,100,3,1,0,100,0,0,0,0,0,4,4,4,100,0
homosapiens_None_2023_None_sikkemalisa_001_d10_1101_2022_03_10_483747GRO-02,0,7,0,0,0,100,0,0,0,57,0,11,0,1,4,13,55,0,0,1,100,0,0,1,0,0,0,0,1,100,0
homosapiens_None_2023_None_sikkemalisa_001_d10_1101_2022_03_10_483747GRO-03,0,6,2,15,46,100,100,100,100,100,100,19,0,11,1,100,100,5,15,6,100,39,4,100,0,95,22,9,1,100,0
homosapiens_None_2023_None_sikkemalisa_001_d10_1101_2022_03_10_483747GRO-04,0,2,1,1,46,100,100,100,43,100,100,100,0,17,5,100,100,4,2,17,100,74,5,15,0,53,23,0,0,100,6
homosapiens_None_2023_None_sikkemalisa_001_d10_1101_2022_03_10_483747GRO-06,0,2,5,3,36,100,100,100,100,100,100,17,0,2,2,56,12,0,2,31,100,20,17,28,1,8,23,7,9,100,1
homosapiens_None_2023_None_sikkemalisa_001_d10_1101_2022_03_10_483747GRO-07,0,3,6,6,40,100,100,100,100,100,77,16,0,5,3,100,16,0,5,6,100,60,29,27,0,9,23,2,2,100,8
homosapiens_None_2023_None_sikkemalisa_001_d10_1101_2022_03_10_483747GRO-08,0,2,1,0,27,100,100,100,99,100,54,8,0,8,4,69,19,2,2,7,100,36,9,62,0,16,29,9,12,100,7
homosapiens_None_2023_None_sikkemalisa_001_d10_1101_2022_03_10_483747GRO-09,0,32,6,55,100,14,100,100,100,100,100,49,0,11,19,100,100,5,33,30,100,100,35,100,0,97,59,21,36,100,1
homosapiens_None_2023_None_sikkemalisa_001_d10_1101_2022_03_10_483747GRO-10,0,23,14,7,100,100,100,100,100,100,100,35,0,29,18,100,100,11,29,26,100,100,32,100,1,97,41,14,36,100,5
homosapiens_None_2023_None_sikkemalisa_001_d10_1101_2022_03_10_483747GRO-11,0,3,3,4,15,16,100,100,43,60,62,8,0,5,3,100,23,2,2,14,100,35,5,42,1,5,10,0,15,100,0
homosapiens_None_2023_None_sikkemalisa_001_d10_1101_2022_03_10_483747NU_CZI01,2,100,100,100,100,18,100,100,100,14,100,20,9,5,0,0,100,8,100,63,100,18,100,61,100,48,100,13,58,100,100
homosapiens_None_2023_None_sikkemalisa_001_d10_1101_2022_03_10_483747NU_CZI02,85,100,100,100,8,10,17,20,100,9,100,1,100,100,100,100,1,0,100,0,100,16,100,24,93,28,0,0,0,1,100
homosapiens_None_2023_None_sikkemalisa_001_d10_1101_2022_03_10_483747T101,0,0,0,0,0,100,0,8,0,25,0,2,0,0,0,0,86,46,0,16,100,0,0,0,0,0,34,0,0,100,1
homosapiens_None_2023_None_sikkemalisa_001_d10_1101_2022_03_10_483747T120,1,0,0,0,0,100,0,0,0,46,0,7,0,0,0,0,100,100,0,2,100,0,0,0,0,0,33,1,0,100,1
homosapiens_None_2023_None_sikkemalisa_001_d10_1101_2022_03_10_483747T121,0,0,0,0,0,100,0,0,0,57,0,6,0,0,0,0,50,87,0,1,71,0,0,0,0,0,9,0,0,100,0
homosapiens_None_2023_None_sikkemalisa_001_d10_1101_2022_03_10_483747T126,0,0,0,0,0,100,1,0,0,74,0,7,0,0,0,0,23,19,0,3,100,0,0,0,0,0,9,0,0,100,3
homosapiens_None_2023_None_sikkemalisa_001_d10_1101_2022_03_10_483747T137,0,0,0,0,1,100,0,0,0,18,0,9,0,0,0,0,100,22,0,0,100,0,0,0,0,0,16,0,0,100,1
homosapiens_None_2023_None_sikkemalisa_001_d10_1101_2022_03_10_483747T153,0,0,0,0,0,100,0,0,0,56,0,3,0,0,1,0,100,50,0,13,100,0,0,0,0,0,62,0,1,100,1
homosapiens_None_2023_None_sikkemalisa_001_d10_1101_2022_03_10_483747T154,0,0,0,0,0,32,0,0,0,61,0,0,0,0,0,0,100,100,0,2,2,1,0,0,0,0,16,0,0,100,0
homosapiens_None_2023_None_sikkemalisa_001_d10_1101_2022_03_10_483747T164,0,0,0,1,0,100,1,0,0,35,0,7,0,0,0,0,100,70,0,7,72,0,0,0,0,0,38,0,0,100,1
homosapiens_None_2023_None_sikkemalisa_001_d10_1101_2022_03_10_483747T165,0,0,0,0,1,100,0,0,0,3,0,3,0,0,0,0,30,100,0,2,48,0,0,0,0,0,33,0,0,100,0
homosapiens_None_2023_None_sikkemalisa_001_d10_1101_2022_03_10_483747T166,0,0,0,0,0,100,2,3,0,15,0,3,0,0,0,0,100,30,1,18,100,0,0,0,0,0,23,0,0,100,1
homosapiens_None_2023_None_sikkemalisa_001_d10_1101_2022_03_10_483747T167,0,0,0,0,0,97,0,1,0,16,0,5,0,0,0,0,100,17,0,10,100,0,0,0,0,0,65,0,2,100,3
homosapiens_None_2023_None_sikkemalisa_001_d10_1101_2022_03_10_483747T85,0,0,0,0,0,100,0,3,0,61,0,16,0,0,0,3,100,11,2,19,92,0,0,0,0,0,63,0,1,100,0
homosapiens_None_2023_None_sikkemalisa_001_d10_1101_2022_03_10_483747T89,0,0,0,0,1,100,0,2,0,9,0,16,0,0,0,1,99,100,0,1,100,0,0,0,0,0,46,0,0,100,2
homosapiens_None_2023_None_sikkemalisa_001_d10_1101_2022_03_10_483747T90,0,0,0,0,0,100,0,0,0,20,0,20,0,0,0,0,100,58,0,7,70,0,0,0,0,0,33,0,0,100,5
homosapiens_None_2023_None_sikkemalisa_001_d10_1101_2022_03_10_483747THD0001,29,2,0,40,2,2,7,5,100,0,60,0,1,8,14,10,0,0,100,0,8,34,100,2,0,3,0,0,0,1,9
homosapiens_None_2023_None_sikkemalisa_001_d10_1101_2022_03_10_483747THD0005,0,1,11,100,10,0,100,100,100,1,100,0,15,9,100,64,0,0,100,0,100,74,100,3,1,100,0,0,0,0,7
homosapiens_None_2023_None_sikkemalisa_001_d10_1101_2022_03_10_483747THD0006,1,1,0,83,7,0,19,3,72,0,37,0,3,10,11,4,0,0,100,0,22,0,18,2,0,31,0,0,0,0,3
homosapiens_None_2023_None_sikkemalisa_001_d10_1101_2022_03_10_483747THD0007,5,32,17,100,3,2,8,4,100,1,74,0,6,34,38,20,2,0,100,0,46,4,100,5,1,9,0,0,0,0,18
homosapiens_None_2023_None_sikkemalisa_001_d10_1101_2022_03_10_483747THD0008,7,8,21,59,18,0,100,100,100,2,100,0,35,15,53,18,3,0,100,0,100,21,100,4,4,7,0,0,0,2,20
homosapiens_None_2023_None_sikkemalisa_001_d10_1101_2022_03_10_483747THD0009,6,2,0,41,1,1,0,1,100,0,38,0,1,19,8,7,2,0,100,0,34,0,79,2,1,7,0,0,0,0,40
homosapiens_None_2023_None_sikkemalisa_001_d10_1101_2022_03_10_483747THD0010,1,8,5,75,0,0,0,1,100,2,82,2,4,7,7,0,1,0,100,0,33,0,61,0,0,1,0,0,0,0,28
homosapiens_None_2023_None_sikkemalisa_001_d10_1101_2022_03_10_483747THD0012,1,0,1,100,0,0,2,0,47,1,4,0,1,4,35,0,11,0,100,0,68,0,50,0,0,1,0,0,0,0,9
homosapiens_None_2023_None_sikkemalisa_001_d10_1101_2022_03_10_483747THD0014,3,78,15,100,1,3,1,0,100,7,55,3,2,11,23,4,3,0,100,0,73,0,19,5,0,1,1,0,0,0,97
homosapiens_None_2023_None_sikkemalisa_001_d10_1101_2022_03_10_483747THD0015,7,6,2,75,0,1,1,0,52,3,38,2,0,0,1,0,2,1,100,0,55,2,33,1,0,2,0,0,0,6,18
homosapiens_None_2023_None_sikkemalisa_001_d10_1101_2022_03_10_483747THD0017,0,18,13,54,0,0,0,0,100,0,31,0,0,1,10,1,0,0,100,0,25,0,70,0,0,1,0,0,0,0,13
homosapiens_None_2023_None_sikkemalisa_001_d10_1101_2022_03_10_483747THD0019,4,1,0,55,0,2,4,18,100,0,56,1,1,0,3,5,0,0,100,0,15,42,100,0,0,1,0,0,0,0,12
homosapiens_None_2023_None_sikkemalisa_001_d10_1101_2022_03_10_483747THD0020,1,0,2,52,0,0,1,0,20,0,10,0,0,8,4,2,0,0,100,0,19,0,7,0,0,0,0,0,0,0,0
homosapiens_None_2023_None_sikkemalisa_001_d10_1101_2022_03_10_483747VUHD071,0,1,0,100,1,0,19,100,100,10,52,12,0,11,15,0,20,0,100,0,85,18,100,0,2,10,0,0,0,4,60
homosapiens_None_2023_None_sikkemalisa_001_d10_1101_2022_03_10_483747VUHD072,92,2,3,0,12,0,18,26,98,0,4,1,27,35,5,1,0,0,38,0,3,88,70,0,0,0,0,0,0,0,11
homosapiens_None_2023_None_sikkemalisa_001_d10_1101_2022_03_10_483747VUHD073,0,1,2,0,3,0,45,18,18,0,4,0,8,31,11,4,0,1,37,0,3,59,2,0,1,1,0,0,0,0,4
homosapiens_None_2023_None_sikkemalisa_001_d10_1101_2022_03_10_483747VUHD076,3,0,1,0,0,0,1,0,0,0,1,0,0,0,0,0,1,0,11,0,1,0,2,0,0,0,0,0,0,0,2
homosapiens_None_2023_None_sikkemalisa_001_d10_1101_2022_03_10_483747VUHD077,1,0,0,8,0,0,16,2,44,0,22,0,2,26,2,0,0,0,100,1,0,24,25,0,0,0,0,0,0,1,3
homosapiens_None_2023_None_sikkemalisa_001_d10_1101_2022_03_10_483747VUHD078,5,1,0,15,0,0,22,34,10,2,1,0,1,16,3,4,1,0,100,0,4,38,10,0,0,0,0,0,0,0,7
homosapiens_None_2023_None_sikkemalisa_001_d10_1101_2022_03_10_483747VUHD080,1,0,0,4,3,0,56,100,13,0,6,0,0,8,3,0,0,0,95,0,0,49,20,0,0,0,0,0,0,0,4
homosapiens_None_2023_None_sikkemalisa_001_d10_1101_2022_03_10_483747VUHD101,2,7,20,12,33,1,100,100,100,30,39,4,17,100,52,10,13,0,43,1,34,100,100,5,15,10,0,0,0,14,89
homosapiens_None_2023_None_sikkemalisa_001_d10_1101_2022_03_10_483747VUHD103,80,100,81,100,1,14,4,44,100,90,61,23,1,100,100,66,27,0,100,7,100,48,100,14,2,2,0,1,0,22,100
homosapiens_None_2023_None_sikkemalisa_001_d10_1101_2022_03_10_483747VUHD104,8,100,100,100,5,4,56,100,93,16,32,8,100,100,100,24,8,0,100,4,100,100,100,17,17,3,0,0,0,20,100
homosapiens_None_2023_None_sikkemalisa_001_d10_1101_2022_03_10_483747VUHD105,0,5,1,15,0,0,0,1,2,0,1,1,0,2,2,0,3,0,13,0,29,0,0,0,0,0,0,0,0,0,6
homosapiens_None_2023_None_sikkemalisa_001_d10_1101_2022_03_10_483747VUHD106,21,100,9,100,0,4,1,47,88,100,100,46,0,11,100,11,6,0,41,6,100,3,61,2,1,78,0,0,0,8,100
homosapiens_None_2023_None_sikkemalisa_001_d10_1101_2022_03_10_483747VUHD107,17,47,6,5,43,0,100,85,26,3,49,2,1,1,0,0,3,0,92,0,1,100,16,5,1,6,0,0,0,3,16
homosapiens_None_2023_None_sikkemalisa_001_d10_1101_2022_03_10_483747VUHD66,4,75,61,43,58,0,100,100,26,18,39,14,21,24,23,7,5,0,100,0,100,100,35,38,6,4,0,0,0,10,100
homosapiens_None_2023_None_sikkemalisa_001_d10_1101_2022_03_10_483747VUHD67,13,37,100,100,100,32,100,100,100,55,100,36,59,100,64,37,8,0,100,3,100,100,100,3,43,100,0,0,0,14,100
homosapiens_None_2023_None_sikkemalisa_001_d10_1101_2022_03_10_483747VUHD68,0,8,60,100,27,0,25,100,100,15,91,0,100,100,100,9,1,0,100,1,38,90,37,2,100,1,0,0,0,1,29
homosapiens_None_2023_None_sikkemalisa_001_d10_1101_2022_03_10_483747VUHD69,0,1,8,1,40,1,100,100,34,0,14,1,97,79,4,0,0,0,5,0,18,31,78,0,4,0,0,0,0,0,8
homosapiens_None_2023_None_sikkemalisa_001_d10_1101_2022_03_10_483747VUHD70,0,5,0,100,5,0,2,6,21,4,7,3,51,100,100,4,1,0,100,0,100,86,5,1,4,0,0,0,0,6,56
homosapiens_None_2023_None_sikkemalisa_001_d10_1101_2022_03_10_483747VUHD84,100,100,15,100,25,5,100,100,100,100,87,24,16,97,100,81,6,0,100,4,100,44,100,9,0,4,0,0,0,15,100
homosapiens_None_2023_None_sikkemalisa_001_d10_1101_2022_03_10_483747VUHD85,0,4,4,0,3,1,49,24,94,0,12,0,100,100,39,0,5,0,100,0,1,49,12,0,22,1,1,0,0,0,9
homosapiens_None_2023_None_sikkemalisa_001_d10_1101_2022_03_10_483747VUHD87,0,0,0,0,0,0,0,0,0,1,0,0,0,0,0,0,0,0,0,0,6,0,0,0,0,0,0,0,0,0,0
homosapiens_None_2023_None_sikkemalisa_001_d10_1101_2022_03_10_483747VUHD92,0,8,7,1,83,2,100,100,38,0,57,1,64,10,10,20,6,0,36,0,100,100,100,1,75,10,0,0,0,11,100
homosapiens_None_2023_None_sikkemalisa_001_d10_1101_2022_03_10_483747VUHD94,0,100,42,26,42,4,100,100,100,10,100,0,100,100,100,28,3,0,100,1,100,100,100,22,55,5,0,0,0,19,100
homosapiens_None_2023_None_sikkemalisa_001_d10_1101_2022_03_10_483747VUHD95,1,50,77,51,71,7,100,100,100,8,43,0,100,100,100,25,3,0,100,0,100,100,78,7,100,4,0,0,0,12,100
homosapiens_None_2023_None_sikkemalisa_001_d10_1101_2022_03_10_483747VUHD98,2,5,5,100,14,2,100,100,58,13,31,3,78,100,100,3,7,0,43,1,100,100,26,0,3,1,0,0,0,6,77
homosapiens_None_2023_None_sikkemalisa_001_d10_1101_2022_03_10_483747lafy_donor_1,0,2,1,100,27,0,69,100,58,0,2,0,0,2,3,1,0,0,13,0,1,65,11,0,0,4,0,0,0,0,5
homosapiens_None_2023_None_sikkemalisa_001_d10_1101_2022_03_10_483747lafy_donor_2,13,4,7,100,28,2,100,100,100,2,27,0,3,15,26,10,2,0,100,0,44,100,43,0,1,2,0,0,0,8,22
homosapiens_None_2023_None_sikkemalisa_001_d10_1101_2022_03_10_483747lafy_donor_3,7,31,13,100,10,0,100,100,65,1,30,0,0,9,17,7,3,0,100,1,84,59,10,0,0,1,0,0,0,3,22
homosapiens_None_2023_None_sikkemalisa_001_d10_1101_2022_03_10_483747lafy_donor_4,3,12,62,100,12,1,100,100,100,4,26,1,51,100,72,3,4,0,100,0,46,100,100,1,9,10,0,0,0,3,18
homosapiens_None_2023_None_sikkemalisa_001_d10_1101_2022_03_10_483747lafy_donor_5,0,35,27,100,39,1,100,100,100,2,63,1,21,61,52,23,3,0,100,0,63,100,68,1,1,6,0,0,0,0,23
homosapiens_None_2023_None_sikkemalisa_001_d10_1101_2022_03_10_483747lafy_donor_6,2,100,100,100,90,12,100,100,100,100,100,0,43,100,100,100,9,0,100,2,100,100,100,4,5,35,0,0,0,1,81
